"電廠","日期","用煤量(萬噸)","SO2(ppm)","NOX(ppm)","OP(%)","西屯AQI","沙鹿AQI","線西AQI"
"台中電廠      ","2022/12/06","2.6176","18.02","30.13","12.32","16        ","9         ","20        "
"台中電廠      ","2022/12/07","2.3227","15.9","38.77","13.39","30        ","17        ","30        "
"台中電廠      ","2022/12/08","2.2039","13.36","30.54","12.49","32        ","22        ","21        "
"台中電廠      ","2022/12/09","1.765","14.88","31.25","12.3","23        ","12        ","23        "
"台中電廠      ","2022/12/10","1.9732","16.12","32.37","12.36","20        ","19        ","21        "
"台中電廠      ","2022/12/11","2.1195","16.37","32.22","12.4","17        ","15        ","29        "
"台中電廠      ","2022/12/12","2.1283","15.5","34.43","12.4","18        ","16        ","28        "
"台中電廠      ","2022/12/13","2.1769","19.59","34.57","12.27","25        ","31        ","39        "
"台中電廠      ","2022/12/14","2.2846","16.91","34.14","12.43","23        ","29        ","37        "
"台中電廠      ","2022/12/15","2.2133","16.78","32.58","12.55","17        ","11        ","22        "
"台中電廠      ","2022/12/16","2.4625","19.06","37.12","13.14","31        ","17        ","20        "
"台中電廠      ","2022/12/17","2.4772","18.31","36.83","12.95","8         ","4         ","18        "
"台中電廠      ","2022/12/18","2.3099","12.57","35.31","12.2","59        ","51        ","53        "
"台中電廠      ","2022/12/19","2.7485","17.59","36.84","12.27","41        ","22        ","31        "
"台中電廠      ","2022/12/20","2.9275","21.34","34.45","11.94","62        ","53        ","66        "
"台中電廠      ","2022/12/21","3.0645","11.68","34.09","12.75","73        ","65        ","65        "
"台中電廠      ","2022/12/22","2.5051","14.52","34.38","12.04","42        ","43        ","43        "
"台中電廠      ","2022/12/23","2.1531","13.45","37.16","12.12","64        ","78        ","73        "
"台中電廠      ","2022/12/24","1.738","9.87","34.58","12.54","20        ","23        ","33        "
"台中電廠      ","2022/12/25","1.6663","8.73","29.57","12.94","36        ","39        ","44        "
"台中電廠      ","2022/12/26","2.3694","11.27","34.6","13.42","53        ","38        ","66        "
"台中電廠      ","2022/12/27","2.2239","12.53","34.91","12.6","42        ","31        ","54        "
"台中電廠      ","2022/12/28","2.432","13.23","35.54","12.52","39        ","41        ","84        "
"台中電廠      ","2022/12/29","2.6432","14.62","34.6","12.62","34        ","49        ","61        "
"台中電廠      ","2022/12/30","3.1318","14.35","34.5","12.92","23        ","24        ","26        "
"台中電廠      ","2022/12/31","2.3648","12.61","34.58","12.57","15        ","23        ","37        "
"台中電廠      ","2023/01/01","2.4699","13.58","34.69","12.57","40        ","36        ","45        "
"台中電廠      ","2023/01/02","2.5812","12.84","31.45","12.75","39        ","30        ","47        "
"台中電廠      ","2023/01/03","2.7181","16.81","34.06","12.74","33        ","34        ","53        "
"台中電廠      ","2023/01/04","2.6554","13.79","35.15","12.59","11        ","21        ","32        "
"台中電廠      ","2023/01/05","2.6526","11.86","30.68","12.94","29        ","36        ","47        "
"台中電廠      ","2023/01/06","3.0263","12.52","32.48","11.2","35        ","28        ","50        "
"台中電廠      ","2023/01/07","2.4985","16.89","33.34","12.56","37        ","44        ","48        "
"台中電廠      ","2023/01/08","2.7172","16.38","35.91","12.15","107       ","98        ","108       "
"台中電廠      ","2023/01/09","2.7764","18.72","31.76","12.34","118       ","86        ","104       "
"台中電廠      ","2023/01/10","3.1546","16.19","27.99","12.41","90        ","58        ","60        "
"台中電廠      ","2023/01/11","3.0648","18","36.23","13.05","48        ","29        ","53        "
"台中電廠      ","2023/01/12","2.9833","17.61","36.07","12.71","88        ","46        ","77        "
"台中電廠      ","2023/01/13","2.7361","17.36","36.4","12.38","95        ","89        ","102       "
"台中電廠      ","2023/01/14","2.5183","17.31","37.74","12.26","119       ","81        ","131       "
"台中電廠      ","2023/01/15","2.2809","17.68","38.77","12.44","18        ","18        ","31        "
"台中電廠      ","2023/01/16","2.6918","18.98","35.52","12.44","17        ","17        ","29        "
"台中電廠      ","2023/01/17","3.028","18.7","35.35","12.93","26        ","22        ","26        "
"台中電廠      ","2023/01/18","2.3066","17.35","36.44","12.5","39        ","43        ","52        "
"台中電廠      ","2023/01/19","2.0669","20.57","36.33","12.4","54        ","59        ","66        "
"台中電廠      ","2023/01/20","1.9587","12.06","26.47","12.48","66        ","70        ","70        "
"台中電廠      ","2023/01/21","2.3503","7.31","25.33","12.38","45        ","57        ","58        "
"台中電廠      ","2023/01/22","2.3001","8.62","26.23","12.43","54        ","50        ","61        "
"台中電廠      ","2023/01/23","2.2023","9.46","26.38","12.41","68        ","47        ","56        "
"台中電廠      ","2023/01/24","2.5236","8.92","27.9","12.5","16        ","28        ","35        "
"台中電廠      ","2023/01/25","2.3309","9.28","26.42","12.48","39        ","36        ","42        "
"台中電廠      ","2023/01/26","2.2791","10.24","27.85","12.55","46        ","32        ","38        "
"台中電廠      ","2023/01/27","2.3705","8.36","25.79","12.56","44        ","44        ","55        "
"台中電廠      ","2023/01/28","2.2009","7.09","26.63","12.53","53        ","53        ","53        "
"台中電廠      ","2023/01/29","2.3107","7.51","25.87","12.52","49        ","56        ","61        "
"台中電廠      ","2023/01/30","2.5263","11.26","31.65","12.77","54        ","44        ","55        "
"台中電廠      ","2023/01/31","2.4739","14.99","28.47","11.82","77        ","79        ","102       "
"台中電廠      ","2023/02/01","2.2896","19.86","30.1","12.49","88        ","72        ","86        "
"台中電廠      ","2023/02/02","2.1505","19.65","30.46","12.48","80        ","86        ","99        "
"台中電廠      ","2023/02/03","1.8056","15.64","33.96","12.51","49        ","50        ","58        "
"台中電廠      ","2023/02/04","1.799","10.86","20.35","12.51","49        ","50        ","61        "
"台中電廠      ","2023/02/05","1.7475","10.21","32.72","12.45","41        ","35        ","54        "
"台中電廠      ","2023/02/06","2.7487","14.8","29.57","12.78","34        ","25        ","42        "
"台中電廠      ","2023/02/07","2.7674","15.78","34.54","12.53","68        ","81        ","88        "
"台中電廠      ","2023/02/08","2.3837","16.96","33.46","12.42","51        ","40        ","53        "
"台中電廠      ","2023/02/09","2.648","15.38","36.56","13.58","40        ","38        ","48        "
"台中電廠      ","2023/02/10","2.723","14.47","33.66","12.66","74        ","68        ","99        "
"台中電廠      ","2023/02/11","2.2331","18.68","33.17","12.8","56        ","43        ","57        "
"台中電廠      ","2023/02/12","2.1125","19.54","33.76","12.61","94        ","84        ","94        "
"台中電廠      ","2023/02/13","2.5026","21.09","35.59","12.63","81        ","71        ","101       "
"台中電廠      ","2023/02/14","2.4206","20.29","35.59","12.59","30        ","29        ","31        "
"台中電廠      ","2023/02/15","2.332","18.32","35.39","12.73","40        ","42        ","46        "
"台中電廠      ","2023/02/16","2.2941","19.17","34.35","12.76","29        ","26        ","39        "
"台中電廠      ","2023/02/17","2.8715","15.77","35.53","12.62","66        ","52        ","64        "
"台中電廠      ","2023/02/18","2.5675","17","35.11","12.53","94        ","95        ","112       "
"台中電廠      ","2023/02/19","2.5273","15.69","32.58","12.55","92        ","74        ","96        "
"台中電廠      ","2023/02/20","1.968","16.35","33.92","12.73","84        ","88        ","99        "
"台中電廠      ","2023/02/21","2.4329","16.42","31.96","11.6","33        ","30        ","50        "
"台中電廠      ","2023/02/22","2.421","19.27","38.89","14.14","33        ","27        ","41        "
"台中電廠      ","2023/02/23","2.5856","15.98","31.58","12.65","58        ","44        ","60        "
"台中電廠      ","2023/02/24","2.4684","16.96","34.57","12.76","28        ","21        ","35        "
"台中電廠      ","2023/02/25","2.0442","17.2","34.49","12.68","54        ","63        ","83        "
"台中電廠      ","2023/02/26","2.0769","13.87","34.13","12.63","33        ","32        ","45        "
"台中電廠      ","2023/02/27","1.6639","16.48","32.76","12.61","25        ","29        ","31        "
"台中電廠      ","2023/02/28","1.6074","15.5","33.18","12.87","102       ","106       ","95        "
"台中電廠      ","2023/03/01","2.0313","15.43","30.7","12.77","92        ","72        ","80        "
"台中電廠      ","2023/03/02","1.8584","17.01","32.24","12.85","95        ","104       ","113       "
"台中電廠      ","2023/03/03","2.0452","14.57","32.34","12.79","53        ","43        ","56        "
"台中電廠      ","2023/03/04","2.0773","9.89","30.36","12.69","61        ","46        ","48        "
"台中電廠      ","2023/03/05","2.0067","16.73","35.28","12.67","59        ","54        ","57        "
"台中電廠      ","2023/03/06","2.3375","15.89","33.93","13.08","77        ","75        ","61        "
"台中電廠      ","2023/03/07","2.413","9.92","34.75","12.98","93        ","97        ","92        "
"台中電廠      ","2023/03/08","2.3255","15.94","35.13","12.57","102       ","98        ","110       "
"台中電廠      ","2023/03/09","2.1765","15.58","34.98","12.58","153       ","153       ","151       "
"台中電廠      ","2023/03/10","2.1724","16.36","34.13","12.66","104       ","94        ","98        "
"台中電廠      ","2023/03/11","1.9378","14.24","33.69","12.61","83        ","70        ","112       "
"台中電廠      ","2023/03/12","1.8269","15.25","33.41","14.17","110       ","106       ","113       "
"台中電廠      ","2023/03/13","1.9709","15.77","34.42","13.45","48        ","41        ","55        "
"台中電廠      ","2023/03/14","2.0329","14.41","34.28","13.56","44        ","36        ","44        "
"台中電廠      ","2023/03/15","2.1168","18.59","33.55","12.66","81        ","63        ","74        "
"台中電廠      ","2023/03/16","2.5114","13.99","34.19","12.73","111       ","87        ","108       "
"台中電廠      ","2023/03/17","2.3749","15.2","33.92","12.96","92        ","77        ","86        "
"台中電廠      ","2023/03/18","1.8624","15.17","34.11","12.69","22        ","22        ","24        "
"台中電廠      ","2023/03/19","1.9231","17.44","33.34","12.68","15        ","9         ","10        "
"台中電廠      ","2023/03/20","2.5056","13.47","33.6","13.45","26        ","          ","27        "
"台中電廠      ","2023/03/21","3.2497","15.54","33.86","12.73","90        ","65        ","93        "
"台中電廠      ","2023/03/22","3.2089","14.12","32.75","12.61","60        ","45        ","63        "
"台中電廠      ","2023/03/23","2.932","12.52","32.29","11.96","49        ","33        ","45        "
"台中電廠      ","2023/03/24","3.5026","14.53","34.14","13.31","71        ","60        ","76        "
"台中電廠      ","2023/03/25","2.463","11.71","33.46","12.6","70        ","45        ","58        "
"台中電廠      ","2023/03/26","2.6198","18.42","35.12","12.44","32        ","-         ","35        "
"台中電廠      ","2023/03/27","2.6204","11.79","29.74","13.56","25        ","27        ","38        "
"台中電廠      ","2023/03/28","2.5995","10.34","27.36","12.27","45        ","31        ","34        "
"台中電廠      ","2023/03/29","2.9515","13.2","33.75","12.43","47        ","32        ","40        "
"台中電廠      ","2023/03/30","2.7506","13.85","34.76","12.22","39        ","28        ","43        "
"台中電廠      ","2023/03/31","3.1646","12.83","27.58","14.38","52        ","38        ","36        "
"台中電廠      ","2023/04/01","3.502","15.42","31.11","12.73","-         ","43        ","57        "
"台中電廠      ","2023/04/02","2.6383","18.21","33.12","12.26","55        ","62        ","76        "
"台中電廠      ","2023/04/03","2.8199","18.82","32.82","12.38","88        ","78        ","81        "
"台中電廠      ","2023/04/04","2.8853","15.55","32.97","12.38","118       ","120       ","97        "
"台中電廠      ","2023/04/05","3.0176","14.6","32.75","12.34","90        ","80        ","88        "
"台中電廠      ","2023/04/06","4.0579","16.66","37.65","13.34","78        ","57        ","76        "
"台中電廠      ","2023/04/07","3.491","19.7","35.35","12.35","34        ","23        ","34        "
"台中電廠      ","2023/04/08","2.6089","17.84","34.11","12.37","95        ","110       ","102       "
"台中電廠      ","2023/04/09","2.8526","14.73","35.05","12.36","79        ","55        ","54        "
"台中電廠      ","2023/04/10","3.4865","17.79","36.24","12.33","51        ","60        ","59        "
"台中電廠      ","2023/04/11","4.0928","18.84","37.01","12.37","68        ","62        ","76        "
"台中電廠      ","2023/04/12","4.7548","14.12","37.36","12.88","62        ","54        ","71        "
"台中電廠      ","2023/04/13","3.9897","15.46","35.42","12.44","100       ","88        ","113       "
"台中電廠      ","2023/04/14","4.4661","21.46","38.03","12.66","118       ","124       ","126       "
"台中電廠      ","2023/04/15","4.451","12.84","37.49","12.63","76        ","75        ","91        "
"台中電廠      ","2023/04/16","3.9953","13.49","37.41","12.23","66        ","71        ","81        "
"台中電廠      ","2023/04/17","4.3729","17.72","36.92","12.37","99        ","93        ","99        "
"台中電廠      ","2023/04/18","4.4597","20.26","38.45","12.63","96        ","93        ","95        "
"台中電廠      ","2023/04/19","4.4633","20.02","39.03","13.18","91        ","61        ","65        "
"台中電廠      ","2023/04/20","5.1565","18.46","38.06","13.7","47        ","36        ","45        "
"台中電廠      ","2023/04/21","5.3994","15.28","37.9","12.63","57        ","26        ","46        "
"台中電廠      ","2023/04/22","4.1137","12.55","37.65","12.62","-         ","64        ","70        "
"台中電廠      ","2023/04/23","4.1105","12.27","35.76","12.43","85        ","78        ","77        "
"台中電廠      ","2023/04/24","4.9006","17.98","39.72","13.36","94        ","93        ","89        "
"台中電廠      ","2023/04/25","3.9011","18.33","38.29","11.71","61        ","43        ","53        "
"台中電廠      ","2023/04/26","3.6356","14.82","37.41","12.33","46        ","31        ","35        "
"台中電廠      ","2023/04/27","3.4334","15.01","36.34","12.28","58        ","52        ","53        "
"台中電廠      ","2023/04/28","3.9711","16.28","37.28","12.33","71        ","60        ","71        "
"台中電廠      ","2023/04/29","3.701","17.97","37.45","12.28","75        ","89        ","90        "
"台中電廠      ","2023/04/30","3.0026","13.56","31.99","12.23","72        ","56        ","64        "
"台中電廠      ","2023/05/01","2.3145","12.56","37.54","12.31","49        ","52        ","46        "
"台中電廠      ","2023/05/02","3.3834","16.92","37.92","12.4","68        ","60        ","61        "
"台中電廠      ","2023/05/03","3.8923","11.82","36","12.5","108       ","78        ","83        "
"台中電廠      ","2023/05/04","3.4353","13.17","34.29","12.38","129       ","84        ","105       "
"台中電廠      ","2023/05/05","3.8176","13.14","36.84","12.43","61        ","49        ","56        "
"台中電廠      ","2023/05/06","3.1415","13.14","36.83","12.3","48        ","32        ","40        "
"台中電廠      ","2023/05/07","3.3877","19.62","34.91","12.78","31        ","16        ","22        "
"台中電廠      ","2023/05/08","2.6303","15.36","34.85","12.54","31        ","12        ","25        "
"台中電廠      ","2023/05/09","2.5992","16.62","33.16","12.59","37        ","23        ","34        "
"台中電廠      ","2023/05/10","2.4157","21.14","36.55","12.76","67        ","50        ","49        "
"台中電廠      ","2023/05/11","3.4755","15.84","34","12.57","91        ","71        ","71        "
"台中電廠      ","2023/05/12","3.7417","18.36","37.75","12.5","88        ","68        ","78        "
"台中電廠      ","2023/05/13","3.0651","17.46","35.89","12.32","64        ","47        ","59        "
"台中電廠      ","2023/05/14","2.9015","11.36","35.36","12.31","-         ","58        ","69        "
"台中電廠      ","2023/05/15","3.3894","19.03","34.92","12.25","73        ","70        ","79        "
"台中電廠      ","2023/05/16","3.3988","15.91","36.43","12.24","117       ","109       ","132       "
"台中電廠      ","2023/05/17","3.6671","14.98","33.63","12.21","-         ","81        ","100       "
"台中電廠      ","2023/05/18","3.9925","16.07","36.47","12.49","46        ","20        ","39        "
"台中電廠      ","2023/05/19","3.9153","15.07","37.35","12.35","55        ","61        ","67        "
"台中電廠      ","2023/05/20","3.558","20.31","34.96","12.5","37        ","38        ","44        "
"台中電廠      ","2023/05/21","3.4393","17.25","35.23","12.11","35        ","41        ","62        "
"台中電廠      ","2023/05/22","4.1137","19.32","36.14","12.29","27        ","21        ","43        "
"台中電廠      ","2023/05/23","3.0159","21.06","39.48","14.18","13        ","18        ","36        "
"台中電廠      ","2023/05/24","3.3474","16.84","35.41","12.51","98        ","94        ","99        "
"台中電廠      ","2023/05/25","3.5119","13.21","36.21","12.49","57        ","60        ","70        "
"台中電廠      ","2023/05/26","3.876","18.29","36.67","12.6","79        ","78        ","78        "
"台中電廠      ","2023/05/27","3.3074","13.19","36.38","12.53","69        ","61        ","76        "
"台中電廠      ","2023/05/28","3.4055","19.15","37.31","12.57","69        ","64        ","56        "
"台中電廠      ","2023/05/29","4.0371","14.67","35.51","12.68","66        ","68        ","73        "
"台中電廠      ","2023/05/30","4.3097","15.16","37.37","12.65","80        ","49        ","56        "
"台中電廠      ","2023/05/31","4.0442","23.17","36.23","12.69","21        ","15        ","47        "
"台中電廠      ","2023/06/01","3.8702","20.3","36.49","12.55","27        ","22        ","41        "
"台中電廠      ","2023/06/02","4.5419","17.05","38.2","12.65","53        ","44        ","57        "
"台中電廠      ","2023/06/03","4.5462","21.38","35.9","13.35","45        ","53        ","73        "
"台中電廠      ","2023/06/04","4.0327","17.53","35.55","12.46","42        ","42        ","58        "
"台中電廠      ","2023/06/05","4.185","14.35","38.38","13.16","38        ","61        ","81        "
"台中電廠      ","2023/06/06","4.1295","14.47","35.43","12.89","32        ","41        ","51        "
"台中電廠      ","2023/06/07","4.3848","10.66","35.18","12.86","31        ","20        ","39        "
"台中電廠      ","2023/06/08","4.6802","12.81","37.49","13.1","19        ","12        ","34        "
"台中電廠      ","2023/06/09","4.6544","16.57","38.25","13.45","20        ","19        ","43        "
"台中電廠      ","2023/06/10","4.2069","12.56","34.35","13.36","48        ","42        ","57        "
"台中電廠      ","2023/06/11","4.3437","16.94","38.61","13.19","27        ","40        ","40        "
"台中電廠      ","2023/06/12","4.2373","17.26","39.84","13.53","23        ","29        ","36        "
"台中電廠      ","2023/06/13","4.5686","13.4","36.25","13.11","28        ","21        ","42        "
"台中電廠      ","2023/06/14","4.6794","12.89","36.68","13.25","22        ","12        ","24        "
"台中電廠      ","2023/06/15","4.6727","12.3","35.56","13.21","32        ","47        ","61        "
"台中電廠      ","2023/06/16","4.8991","17.06","38.84","12.96","24        ","12        ","24        "
"台中電廠      ","2023/06/17","4.7881","19.01","39.41","13.33","32        ","26        ","40        "
"台中電廠      ","2023/06/18","4.499","14.06","37.65","12.38","37        ","44        ","54        "
"台中電廠      ","2023/06/19","4.3767","13.38","39.22","12.85","29        ","32        ","47        "
"台中電廠      ","2023/06/20","4.8565","12.98","38.51","13.61","34        ","22        ","44        "
"台中電廠      ","2023/06/21","5.0082","18.4","38.96","12.82","18        ","11        ","32        "
"台中電廠      ","2023/06/22","4.6155","14.38","37.71","12.51","23        ","10        ","35        "
"台中電廠      ","2023/06/23","4.3898","15.48","38.13","13.65","31        ","17        ","35        "
"台中電廠      ","2023/06/24","4.7474","17.75","38.78","13.2","34        ","18        ","37        "
"台中電廠      ","2023/06/25","4.4274","10.71","37.24","14.47","27        ","10        ","30        "
"台中電廠      ","2023/06/26","4.7885","12.91","37.2","13.18","29        ","19        ","36        "
"台中電廠      ","2023/06/27","4.9307","14.99","37.48","13.4","25        ","22        ","36        "
"台中電廠      ","2023/06/28","4.7686","15.32","37.33","13.13","-         ","37        ","57        "
"台中電廠      ","2023/06/29","4.6053","17.5","37.56","13.44","59        ","68        ","75        "
"台中電廠      ","2023/06/30","4.7751","20.3","38.84","12.97","18        ","10        ","21        "
"台中電廠      ","2023/07/01","4.4302","17.58","39.04","13.47","28        ","14        ","27        "
"台中電廠      ","2023/07/02","3.8681","14.99","37.21","12.5","19        ","14        ","33        "
"台中電廠      ","2023/07/03","4.2607","13.88","37.72","12.63","24        ","16        ","33        "
"台中電廠      ","2023/07/04","4.3189","13.89","38.06","12.64","21        ","12        ","29        "
"台中電廠      ","2023/07/05","4.7862","12.66","38.89","13.31","21        ","11        ","30        "
"台中電廠      ","2023/07/06","4.2407","13.28","38.51","12.51","25        ","19        ","35        "
"台中電廠      ","2023/07/07","4.1557","13.1","35.62","12.02","37        ","31        ","47        "
"台中電廠      ","2023/07/08","4.26","17.9","37.95","13.13","50        ","44        ","62        "
"台中電廠      ","2023/07/09","3.9693","14.53","37.01","12.41","42        ","35        ","58        "
"台中電廠      ","2023/07/10","4.0616","13.54","36.15","12.43","34        ","15        ","30        "
"台中電廠      ","2023/07/11","4.7212","12.83","39.16","12.88","24        ","16        ","37        "
"台中電廠      ","2023/07/12","4.9218","13.99","35.83","13.19","17        ","13        ","27        "
"台中電廠      ","2023/07/13","5.0081","15.29","35.95","13.26","31        ","6         ","37        "
"台中電廠      ","2023/07/14","4.9484","16.52","37.49","13.26","26        ","15        ","27        "
"台中電廠      ","2023/07/15","4.6391","14.34","35.02","13.16","50        ","31        ","44        "
"台中電廠      ","2023/07/16","4.6827","14.45","37.1","13.33","55        ","54        ","61        "
"台中電廠      ","2023/07/17","5.0465","15.12","34.53","13.21","29        ","22        ","41        "
"台中電廠      ","2023/07/18","4.5928","18.56","32.74","13.59","26        ","15        ","29        "
"台中電廠      ","2023/07/19","4.5345","17.63","34.45","13.18","14        ","13        ","27        "
"台中電廠      ","2023/07/20","4.8163","8.25","34.23","13.02","31        ","21        ","36        "
"台中電廠      ","2023/07/21","4.6203","17.87","30.82","13.41","13        ","9         ","23        "
"台中電廠      ","2023/07/22","4.4793","18.63","37.43","13.13","19        ","15        ","32        "
"台中電廠      ","2023/07/23","4.6123","18.57","37.29","13.51","28        ","14        ","24        "
"台中電廠      ","2023/07/24","4.6677","17.64","37.21","14.29","19        ","11        ","35        "
"台中電廠      ","2023/07/25","4.5994","14.56","37.08","13.93","32        ","29        ","44        "
"台中電廠      ","2023/07/26","4.7036","14.29","35.66","13.66","65        ","81        ","84        "
"台中電廠      ","2023/07/27","4.0498","14.55","36.76","13.64","49        ","47        ","51        "
"台中電廠      ","2023/07/28","3.6175","13.65","37.96","13.38","34        ","23        ","36        "
"台中電廠      ","2023/07/29","2.9136","12.82","34.98","12.48","25        ","15        ","37        "
"台中電廠      ","2023/07/30","3.0376","17.93","37.17","12.48","25        ","15        ","31        "
"台中電廠      ","2023/07/31","3.8295","12.98","34.19","13.09","34        ","28        ","45        "
"台中電廠      ","2023/08/01","3.4218","15.96","36.62","13.05","36        ","30        ","47        "
"台中電廠      ","2023/08/02","3.6363","15.12","36.73","13.01","23        ","6         ","29        "
"台中電廠      ","2023/08/03","3.8146","16.55","33.33","13.04","49        ","40        ","58        "
"台中電廠      ","2023/08/04","3.638","17.39","33.03","13.6","28        ","22        ","42        "
"台中電廠      ","2023/08/05","3.5195","16.73","34","13.02","36        ","21        ","52        "
"台中電廠      ","2023/08/06","3.9979","13.73","33.26","12.96","31        ","22        ","55        "
"台中電廠      ","2023/08/07","4.6243","17.91","35.06","14.24","42        ","41        ","60        "
"台中電廠      ","2023/08/08","4.6492","16.01","34.92","14.38","37        ","32        ","52        "
"台中電廠      ","2023/08/09","4.6048","15.57","35.13","13.78","34        ","26        ","43        "
"台中電廠      ","2023/08/10","4.4021","15.32","34.8","13.87","30        ","23        ","54        "
"台中電廠      ","2023/08/11","3.9442","15.79","34.72","15.15","24        ","21        ","45        "
"台中電廠      ","2023/08/12","3.3135","12.23","31.82","12.59","34        ","19        ","47        "
"台中電廠      ","2023/08/13","3.2298","16.54","31.6","12.93","38        ","27        ","55        "
"台中電廠      ","2023/08/14","4.0578","17.36","37.14","13.8","33        ","30        ","52        "
"台中電廠      ","2023/08/15","4.3476","13.1","35.1","14.15","27        ","31        ","47        "
"台中電廠      ","2023/08/16","4.0383","12.1","34.05","13.48","35        ","33        ","55        "
"台中電廠      ","2023/08/17","4.059","13.22","33.92","13.24","29        ","29        ","-         "
"台中電廠      ","2023/08/18","3.9074","12.02","36.58","14.22","21        ","9         ","-         "
"台中電廠      ","2023/08/19","3.5652","16.63","35.57","13.66","16        ","7         ","-         "
"台中電廠      ","2023/08/20","3.4189","15.54","34.9","12.76","23        ","19        ","-         "
"台中電廠      ","2023/08/21","4.1827","11.97","40.07","14.43","25        ","15        ","-         "
"台中電廠      ","2023/08/22","4.1272","20.52","32.15","14.45","21        ","15        ","22        "
"台中電廠      ","2023/08/23","4.0781","15.32","33.77","13.46","15        ","15        ","17        "
"台中電廠      ","2023/08/24","3.9503","15.81","31.92","13.97","29        ","20        ","24        "
"台中電廠      ","2023/08/25","4.1554","16.25","33.05","13.52","25        ","20        ","24        "
"台中電廠      ","2023/08/26","3.9616","16.11","34.32","13.59","54        ","-         ","19        "
"台中電廠      ","2023/08/27","3.5577","13.17","32.46","12.99","23        ","13        ","13        "
"台中電廠      ","2023/08/28","3.8188","12.56","33.91","13.08","38        ","26        ","22        "
"台中電廠      ","2023/08/29","4.5048","13.33","34.93","13.46","30        ","18        ","24        "
"台中電廠      ","2023/08/30","4.2928","15.76","34.66","13.9","65        ","56        ","55        "
"台中電廠      ","2023/08/31","4.4292","15.27","34.84","14.63","65        ","56        ","50        "
"台中電廠      ","2023/09/01","4.3212","11.47","33.91","13.38","31        ","24        ","29        "
"台中電廠      ","2023/09/02","4.4536","12.18","34.42","13.43","36        ","17        ","27        "
"台中電廠      ","2023/09/03","4.048","15.61","33.89","14.62","46        ","44        ","55        "
"台中電廠      ","2023/09/04","3.4329","12.76","34.22","13.24","25        ","3         ","13        "
"台中電廠      ","2023/09/05","3.553","12.7","30.46","13.49","30        ","7         ","23        "
"台中電廠      ","2023/09/06","4.6558","13.4","34.08","13.54","24        ","11        ","18        "
"台中電廠      ","2023/09/07","4.385","12.6","34.24","13.35","16        ","12        ","24        "
"台中電廠      ","2023/09/08","3.8986","13.37","32.09","13.27","15        ","5         ","20        "
"台中電廠      ","2023/09/09","3.5689","11.06","32.01","13.33","15        ","2         ","4         "
"台中電廠      ","2023/09/10","3.3636","12.8","31.59","13.05","16        ","8         ","11        "
"台中電廠      ","2023/09/11","3.016","12.34","31.93","13.16","29        ","31        ","27        "
"台中電廠      ","2023/09/12","3.2184","9.65","34.46","13.24","72        ","69        ","71        "
"台中電廠      ","2023/09/13","3.2015","13.35","32.54","13.44","62        ","54        ","68        "
"台中電廠      ","2023/09/14","3.4306","13.57","36.79","13.53","71        ","44        ","54        "
"台中電廠      ","2023/09/15","3.7896","15.01","34.81","13.56","75        ","73        ","80        "
"台中電廠      ","2023/09/16","3.5951","15.83","34","13.42","60        ","54        ","61        "
"台中電廠      ","2023/09/17","3.7969","14.06","34.85","13.3","78        ","76        ","69        "
"台中電廠      ","2023/09/18","4.2468","12.63","33.2","14.53","55        ","45        ","59        "
"台中電廠      ","2023/09/19","4.508","16.18","33.32","14.07","32        ","34        ","47        "
"台中電廠      ","2023/09/20","4.4586","16.33","35.48","15.37","52        ","43        ","60        "
"台中電廠      ","2023/09/21","4.6801","12.49","31.74","14.29","81        ","43        ","37        "
"台中電廠      ","2023/09/22","4.6134","12.05","31.93","14.28","71        ","63        ","75        "
"台中電廠      ","2023/09/23","4.2937","12.78","32.18","13.34","68        ","71        ","78        "
"台中電廠      ","2023/09/24","4.2151","11.13","32.04","13.34","62        ","48        ","51        "
"台中電廠      ","2023/09/25","4.3332","12.49","32.3","13.67","61        ","51        ","54        "
"台中電廠      ","2023/09/26","4.5395","12.56","33.62","14.63","52        ","36        ","33        "
"台中電廠      ","2023/09/27","4.3432","13.94","33.99","13.82","74        ","60        ","63        "
"台中電廠      ","2023/09/28","4.1729","14.74","33.23","14.9","59        ","48        ","53        "
"台中電廠      ","2023/09/29","3.8869","13.45","30.69","13.07","61        ","49        ","56        "
"台中電廠      ","2023/09/30","3.5273","16.46","35.8","13.34","73        ","62        ","77        "
"台中電廠      ","2023/10/01","2.8796","11.87","33.24","12.83","66        ","47        ","70        "
"台中電廠      ","2023/10/02","3.2872","10.25","35.5","14.45","46        ","36        ","42        "
"台中電廠      ","2023/10/03","2.4706","13.49","30.12","13.48","31        ","21        ","8         "
"台中電廠      ","2023/10/04","2.8737","14.2","31.15","13.86","38        ","20        ","54        "
"台中電廠      ","2023/10/05","2.5003","13.52","32.45","13.89","22        ","11        ","-         "
"台中電廠      ","2023/10/06","3.418","13.98","32.94","13.42","54        ","53        ","54        "
"台中電廠      ","2023/10/07","2.9951","14.98","33.99","13.48","53        ","46        ","15        "
"台中電廠      ","2023/10/08","2.7733","11.5","33.56","13.64","14        ","12        ","-         "
"台中電廠      ","2023/10/09","2.2052","11.9","29.71","13.34","15        ","6         ","-         "
"台中電廠      ","2023/10/10","2.4281","11.9","30.43","13.16","12        ","4         ","1         "
"台中電廠      ","2023/10/11","2.4218","11.37","27.95","13.3","29        ","16        ","11        "
"台中電廠      ","2023/10/12","2.2503","14.96","24.08","12.81","31        ","16        ","6         "
"台中電廠      ","2023/10/13","2.1347","16.46","31.23","12.84","45        ","26        ","19        "
"台中電廠      ","2023/10/14","2.2129","15.56","33.36","12.91","35        ","24        ","8         "
"台中電廠      ","2023/10/15","2.181","15.48","33.66","12.77","58        ","51        ","42        "
"台中電廠      ","2023/10/16","2.6431","14.03","30.56","12.88","67        ","60        ","57        "
"台中電廠      ","2023/10/17","2.4158","14.22","32.04","13.18","79        ","64        ","54        "
"台中電廠      ","2023/10/18","2.9224","14.2","33.47","13.15","135       ","131       ","106       "
"台中電廠      ","2023/10/19","3.1072","12.84","34.32","12.97","126       ","111       ","93        "
"台中電廠      ","2023/10/20","3.0324","12.74","33.81","14.23","109       ","94        ","85        "
"台中電廠      ","2023/10/21","2.1221","12.68","32.75","16.33","16        ","9         ","-         "
"台中電廠      ","2023/10/22","2.1252","11.45","31.99","12.92","-         ","-         ","-         "
"台中電廠      ","2023/10/23","2.6882","9.38","28.95","12.66","-         ","-         ","-         "
"台中電廠      ","2023/10/24","3.205","10.77","30.19","13.45","-         ","-         ","-         "
"台中電廠      ","2023/10/25","2.9725","15.34","27.98","13.47","79        ","52        ","33        "
"台中電廠      ","2023/10/26","2.7642","12.16","29.2","13.15","65        ","63        ","49        "
"台中電廠      ","2023/10/27","2.6191","9.84","30.03","12.95","131       ","97        ","72        "
"台中電廠      ","2023/10/28","2.2586","11.62","28.68","12.6","73        ","44        ","36        "
"台中電廠      ","2023/10/29","2.1869","9.19","29.15","12.63","78        ","41        ","21        "
"台中電廠      ","2023/10/30","2.2796","9.48","29.96","12.8","37        ","23        ","5         "
"台中電廠      ","2023/10/31","2.1767","10.91","30.12","12.62","36        ","20        ","8         "
"台中電廠      ","2023/11/01","2.6616","11.3","30.49","12.58","59        ","31        ","38        "
"台中電廠      ","2023/11/02","3.1631","12","31.58","12.9","79        ","78        ","59        "
"台中電廠      ","2023/11/03","2.9943","11.75","30.94","12.63","65        ","51        ","45        "
"台中電廠      ","2023/11/04","3.0819","13.12","31.42","12.65","69        ","69        ","70        "
"台中電廠      ","2023/11/05","3.0415","12.13","29.07","12.7","79        ","55        ","57        "
"台中電廠      ","2023/11/06","3.4179","7.34","26.39","12.93","77        ","54        ","46        "
"台中電廠      ","2023/11/07","3.3468","11.41","30.98","12.83","49        ","36        ","33        "
"台中電廠      ","2023/11/08","3.3942","12.62","32.25","12.35","80        ","67        ","61        "
"台中電廠      ","2023/11/09","3.4997","10.76","33.47","12.92","118       ","87        ","85        "
"台中電廠      ","2023/11/10","3.6866","13.1","32.87","12.44","107       ","72        ","72        "
"台中電廠      ","2023/11/11","2.5426","12.23","32.73","12.18","28        ","4         ","3         "
"台中電廠      ","2023/11/12","2.3181","13.8","31.39","12.23","23        ","10        ","6         "
"台中電廠      ","2023/11/13","2.2399","10.98","31.82","12.38","34        ","20        ","17        "
"台中電廠      ","2023/11/14","2.4241","13.43","31.18","12.42","47        ","18        ","5         "
"台中電廠      ","2023/11/15","2.1971","10.49","32.33","12.21","43        ","11        ","-         "
"台中電廠      ","2023/11/16","3.154","11.63","32.48","12.85","67        ","41        ","-         "
"台中電廠      ","2023/11/17","2.4926","12.07","31.54","12.38","99        ","48        ","-         "
"台中電廠      ","2023/11/18","2.4642","8.71","32.12","12.38","57        ","62        ","52        "
"台中電廠      ","2023/11/19","2.2327","9.57","25.93","13.03","66        ","52        ","53        "
"台中電廠      ","2023/11/20","2.5825","9.87","31.97","12.4","72        ","63        ","60        "
"台中電廠      ","2023/11/21","2.8243","12.17","28.38","11.95","90        ","76        ","82        "
"台中電廠      ","2023/11/22","3.2415","11.1","31.12","12.55","80        ","87        ","62        "
"台中電廠      ","2023/11/23","3.2418","11.09","31.75","12.16","100       ","68        ","88        "
"台中電廠      ","2023/11/24","2.524","10.71","32.31","11.98","54        ","48        ","56        "
"台中電廠      ","2023/11/25","2.4328","11.47","29.41","11.84","63        ","40        ","47        "
"台中電廠      ","2023/11/26","2.4672","13.56","29.16","11.81","31        ","26        ","27        "
"台中電廠      ","2023/11/27","2.9734","13.77","29.38","11.94","54        ","30        ","37        "
"台中電廠      ","2023/11/28","2.7595","10.73","28.4","11.9","56        ","56        ","55        "
"台中電廠      ","2023/11/29","3.614","13.04","32.24","13.18","109       ","99        ","120       "
"台中電廠      ","2023/11/30","2.7848","13.87","30.31","12.33","45        ","38        ","46        "
"台中電廠      ","2023/12/01","2.2374","12.95","30.95","11.99","29        ","23        ","28        "
"台中電廠      ","2023/12/02","1.8732","13.69","30.65","12.09","36        ","32        ","37        "
"台中電廠      ","2023/12/03","2.268","12.85","30.73","12.22","39        ","31        ","19        "
"台中電廠      ","2023/12/04","2.5541","12.73","29.12","13.29","36        ","12        ","18        "
"台中電廠      ","2023/12/05","3.1635","8.54","31.79","13.12","29        ","15        ","21        "
